Name,Email,Password,Company,Account ID
Casey Hernandez,caseyhernandez.ox97v@gmail.com,<.00lgi+8FL>,"Carroll, Byrd and Aguirre",L01MY6
Janice Ferguson,janiceferguson.s93if@gmail.com,<(uyXA:=_<A>,Compton LLC,G8BLQU
Thomas Spencer,thomasspencer.ume71@gmail.com,<l|~;EY|Xje>,"Garner, Miller and Norton",C9OY4O
Kevin Johnson,kevinjohnson.znmc9@gmail.com,<Ekd0nMTy_I>,Lewis Ltd,RW0D5T
Daniel Johnson,danieljohnson.iytlf@gmail.com,<>n#If;63>|>,"Howard, Mercer and Davis",9NLIRI
Natalie Brooks,nataliebrooks.u1oo3@gmail.com,<2HV5uO?Olx>,Davis Ltd,8N0BE3
Tamara Sanchez,tamarasanchez.7btie@gmail.com,<gTM;7}~s[b>,"Jones, Joseph and Owens",8N2Z1N
Anne Leblanc,anneleblanc.u21tk@gmail.com,<>3x-|?#2u*>,Garcia Inc,2LT8VP
Mary Cobb,marycobb.9hrqn@gmail.com,<dxwidcl!gF>,Monroe Group,1S2DGI
Christopher Stewart,christopherstewart.0n0na@gmail.com,<-[L$ht+zU8>,Daniels-Bailey,R2SDQA
Sarah Gardner,sarahgardner.q0ihw@gmail.com,<-=giuRMhq+>,King Group,45UQLC
Sandra Hughes,sandrahughes.l7ia4@gmail.com,<E2[;$LE8;7>,Garcia-Hansen,80Q2IR
Denise Merritt,denisemerritt.7cfpc@gmail.com,<('h]f`F]<:>,Peterson Group,98LNYJ
Michael Wolf,michaelwolf.ue1h2@gmail.com,</TxJEq@aRI>,Cruz-Townsend,W3UGCH
Samuel Gordon,samuelgordon.ffa9q@gmail.com,<Nd8mOZE24N>,"Cabrera, Haynes and Hall",JKBUYK
Jeffrey Rodriguez,jeffreyrodriguez.xcook@gmail.com,<|M!'zY)eC|>,"Friedman, Rodgers and Koch",IJ9Y4Y
Karla Davis,karladavis.0rhbz@gmail.com,<\pTrbz3>m5>,"Guerrero, Weber and Smith",A6VVU2
Amanda Morgan,amandamorgan.75u9d@gmail.com,</:fDC}i|Z@>,Vance LLC,WA0605
Lisa Nguyen,lisanguyen.qra3m@gmail.com,<w!}D2.BjkI>,Miller and Sons,8H345T
Victoria Jimenez,victoriajimenez.v0sns@gmail.com,<%Kc%Y8Tbgr>,Garcia-Barnes,JW8XLE
Ann Lloyd,annlloyd.2aaj4@gmail.com,<HNt>V@&z's>,James Inc,390XMQ
Amanda Rios,amandarios.ao3ij@gmail.com,<K<HX'5JFUp>,"Richards, Powell and Torres",99BOFE
Kevin Butler,kevinbutler.s2n15@gmail.com,<o%<5Jfsn7J>,Elliott LLC,RHFFD7
Wayne Martinez,waynemartinez.0efm2@gmail.com,<x<U~{s\9[!>,Brown-Callahan,WZ1B2P
Jessica Smith,jessicasmith.tuzib@gmail.com,<G3Z%*^Ls>u>,Osborne LLC,8NUWDH
Amanda Miller,amandamiller.clu0w@gmail.com,<q'2[ZDavi4>,Grant Group,PXORMA
Troy Ruiz,troyruiz.fza5j@gmail.com,<CT`QT9jUzl>,Martinez-Perez,S5NA0S
Brandon Morse,brandonmorse.xlcpc@gmail.com,"<""llT,NGUhz>",Ray-Johnson,KJU7VK
Rebecca Hernandez,rebeccahernandez.vfro0@gmail.com,<a-?ud:~Lph>,Schneider and Sons,W55XUA
